album,track_title,track_n,lyric,line
Queen,Keep Yourself Alive,1,I was told a million times of all the troubles in my way,1
Queen,Keep Yourself Alive,1,Mind you grow a little wiser little better every day,2
Queen,Keep Yourself Alive,1,But if I crossed a million rivers and I rode a million miles,3
Queen,Keep Yourself Alive,1,Then I'd still be where I started bread and butter for a smile,4
Queen,Keep Yourself Alive,1,Well I sold a million mirrors In a shopping alley way,5
Queen,Keep Yourself Alive,1,But I never saw my face In any window any day,6
Queen,Keep Yourself Alive,1,Now they say your folks are telling you be a super star,7
Queen,Keep Yourself Alive,1,But I tell you just be satisfied stay right where you are,8
Queen,Keep Yourself Alive,1,"Keep yourself alive, yeah Keep yourself alive",9
Queen,Keep Yourself Alive,1,"Ooh, it'll take you all your time and money honey you'll survive",10
Queen,Keep Yourself Alive,1,Well I've loved a million women In a belladonic haze,11
Queen,Keep Yourself Alive,1,And I ate a million dinners brought to me on silver trays,12
Queen,Keep Yourself Alive,1,Give me everything I need to feed my body and my soul,13
Queen,Keep Yourself Alive,1,And I'll grow a little bigger maybe that can be my goal,14
Queen,Keep Yourself Alive,1,I was told a million times of all the people in my way,15
Queen,Keep Yourself Alive,1,How I had to keep on trying and get better every day,16
Queen,Keep Yourself Alive,1,But if I crossed a million rivers and I rode a million miles,17
Queen,Keep Yourself Alive,1,Then I'd still be where I started same as when I started,18
Queen,Keep Yourself Alive,1,"Keep yourself alive, come on Keep yourself alive",19
Queen,Keep Yourself Alive,1,"Ooh, it'll take you all your time and money honey You'll survive, shake",20
Queen,Keep Yourself Alive,1,"Keep yourself alive, wow Keep yourself alive",21
Queen,Keep Yourself Alive,1,"Oh, it'll take you all your time and money To keep me satisfied",22
Queen,Keep Yourself Alive,1,Do you think you're better every day?,23
Queen,Keep Yourself Alive,1,"No, I just think I'm two steps nearer to my grave",24
Queen,Keep Yourself Alive,1,"Keep yourself alive, c'mon Keep yourself alive",25
Queen,Keep Yourself Alive,1,you take your time and take more money,26
Queen,Keep Yourself Alive,1,"Keep yourself alive
Keep yourself alive",27
Queen,Keep Yourself Alive,1,C'mon keep yourself alive All you people keep yourself alive,28
Queen,Keep Yourself Alive,1,Keep yourself alive C'mon c'mon keep yourself alive,29
Queen,Keep Yourself Alive,1,Take you all your time and-a money to keep me satisfied,30
A night at the opera,Bohemian Rhapsody,11,Is this the real life? Is this just fantasy?,1
A night at the opera,Bohemian Rhapsody,11,"Caught in a landslide, no escape from reality",2
A night at the opera,Bohemian Rhapsody,11,"Open your eyes, look up to the skies and see",3
A night at the opera,Bohemian Rhapsody,11,"I'm just a poor boy, I need no sympathy",4
A night at the opera,Bohemian Rhapsody,11,"Because I'm easy come, easy go, little high, little low",5
A night at the opera,Bohemian Rhapsody,11,"Any way the wind blows doesn't really matter to me, to me",6
A night at the opera,Bohemian Rhapsody,11,"Mama, just killed a man",7
A night at the opera,Bohemian Rhapsody,11,"Put a gun against his head, pulled my trigger, now he's dead",8
A night at the opera,Bohemian Rhapsody,11,"Mama, life had just begun",9
A night at the opera,Bohemian Rhapsody,11,But now I've gone and thrown it all away,10
A night at the opera,Bohemian Rhapsody,11,"Mama, ooh, didn't mean to make you cry",11
A night at the opera,Bohemian Rhapsody,11,If I'm not back again this time tomorrow,12
A night at the opera,Bohemian Rhapsody,11,"Carry on, carry on as if nothing really matters",13
A night at the opera,Bohemian Rhapsody,11,"Too late, my time has come",14
A night at the opera,Bohemian Rhapsody,11,"Sends shivers down my spine, body's aching all the time",15
A night at the opera,Bohemian Rhapsody,11,"Goodbye, everybody, I've got to go",16
A night at the opera,Bohemian Rhapsody,11,Gotta leave you all behind and face the truth,17
A night at the opera,Bohemian Rhapsody,11,"Mama, ooh Any way the wind blows",18
A night at the opera,Bohemian Rhapsody,11,I don't wanna die,19
A night at the opera,Bohemian Rhapsody,11,I sometimes wish I'd never been born at all,20
A night at the opera,Bohemian Rhapsody,11,I see a little silhouetto of a man,21
A night at the opera,Bohemian Rhapsody,11,"Scaramouche, Scaramouche, will you do the Fandango?",22
A night at the opera,Bohemian Rhapsody,11,"Thunderbolt and lightning, very, very frightening me",23
A night at the opera,Bohemian Rhapsody,11,"(Galileo) Galileo, (Galileo) Galileo, Galileo Figaro magnifico",24
A night at the opera,Bohemian Rhapsody,11,"But I'm just a poor boy, nobody loves me",25
A night at the opera,Bohemian Rhapsody,11,He's just a poor boy from a poor family,26
A night at the opera,Bohemian Rhapsody,11,Spare him his life from this monstrosity,27
A night at the opera,Bohemian Rhapsody,11,"Easy come, easy go, will you let me go?",28
A night at the opera,Bohemian Rhapsody,11,"Bismillah! No, we will not let you go(Let him go)",29
A night at the opera,Bohemian Rhapsody,11,Bismillah! We will not let you go (Let him go),30
A night at the opera,Bohemian Rhapsody,11,Bismillah! We will not let you go,31
A night at the opera,Bohemian Rhapsody,11,Let me go Will not let you go Let me go Will not let you go,32
A night at the opera,Bohemian Rhapsody,11,"Never, never, never, never let me go Ah",33
A night at the opera,Bohemian Rhapsody,11,"No, no, no, no, no, no, no",34
A night at the opera,Bohemian Rhapsody,11,"(Oh, mamma mia, mamma mia) Mamma mia, let me go",35
A night at the opera,Bohemian Rhapsody,11,"Beelzebub has a devil put aside for me, for me, for me!",36
A night at the opera,Bohemian Rhapsody,11,So you think you can stone me and spit in my eye?,37
A night at the opera,Bohemian Rhapsody,11,So you think you can love me and leave me to die?,38
A night at the opera,Bohemian Rhapsody,11,"Oh, baby, can't do this to me, baby!",39
A night at the opera,Bohemian Rhapsody,11,"Just gotta get out, just gotta get right outta here",40
A night at the opera,Bohemian Rhapsody,11,"Nothing really matters, anyone can see",41
A night at the opera,Bohemian Rhapsody,11,Nothing really matters,42
A night at the opera,Bohemian Rhapsody,11,Nothing really matters to me,43
A night at the opera,Bohemian Rhapsody,11,Any way the wind blows,44
Live killers,Don't Stop Me Now,14,Tonight I'm gonna have myself a real good time,1
Live killers,Don't Stop Me Now,14,"I feel alive and the world, I'll turn it inside out",2
Live killers,Don't Stop Me Now,14,yeah I'm floating around in ecstasy,3
Live killers,Don't Stop Me Now,14,"So (Don't stop me now)
(Don't stop me)",4
Live killers,Don't Stop Me Now,14,"Cause I'm having a good time
Having a good time",5
Live killers,Don't Stop Me Now,14,I'm a shooting star leaping through the sky like a tiger,6
Live killers,Don't Stop Me Now,14,Defying the laws of gravity,7
Live killers,Don't Stop Me Now,14,I'm a racing car passing by like Lady Godiva,8
Live killers,Don't Stop Me Now,14,"I'm gonna go, go, go, there's no stopping me",9
Live killers,Don't Stop Me Now,14,"I'm burning through the sky, yeah",10
Live killers,Don't Stop Me Now,14,"Two hundred degrees, that's why they call me Mister Fahrenheit",11
Live killers,Don't Stop Me Now,14,I'm travelling at the speed of light,12
Live killers,Don't Stop Me Now,14,I wanna make a supersonic man outta you,13
Live killers,Don't Stop Me Now,14,"(Don't stop me now)
I'm having such a good time",14
Live killers,Don't Stop Me Now,14,"I'm having a ball
(Don't stop me now)",15
Live killers,Don't Stop Me Now,14,If you wanna have a good time Just give me a call,16
Live killers,Don't Stop Me Now,14,"(Don't stop me now)
'Cause I'm having a good time",17
Live killers,Don't Stop Me Now,14,"(Don't stop me now)
Yes, I'm having a good time",18
Live killers,Don't Stop Me Now,14,"I don't wanna stop at all, yeah",19
Live killers,Don't Stop Me Now,14,I'm a rocket ship on my way to Mars on a collision course,20
Live killers,Don't Stop Me Now,14,"I am a satellite, I'm out of control",21
Live killers,Don't Stop Me Now,14,I'm a sex machine ready to reload like an atom bomb,22
Live killers,Don't Stop Me Now,14,"About to oh, oh, oh, oh, oh, explode",23
Live killers,Don't Stop Me Now,14,"I'm burning through the sky, yeah",24
Live killers,Don't Stop Me Now,14,"Two hundred degrees, that's why they call me Mister Fahrenheit",25
Live killers,Don't Stop Me Now,14,I'm travelling at the speed of light,26
Live killers,Don't Stop Me Now,14,I wanna make a supersonic woman of you,27
Live killers,Don't Stop Me Now,14,"(Don't stop me, don't stop me, don't stop me)",28
Live killers,Don't Stop Me Now,14,"Hey, hey, hey
(Don't stop me, don't stop me, ooh, ooh, ooh)",29
Live killers,Don't Stop Me Now,14,"I like it (Don't stop me, don't stop me)",30
Live killers,Don't Stop Me Now,14,"Have a good time, good time (Don't stop me, don't stop me)",31
Live killers,Don't Stop Me Now,14,"Woah Let loose, honey, all right",32
Live killers,Don't Stop Me Now,14,"Oh, I'm burning through the sky, yeah",33
Live killers,Don't Stop Me Now,14,"Two hundred degrees, that's why they call me Mister Fahrenheit (Hey)",34
Live killers,Don't Stop Me Now,14,Travelling at the speed of light,35
Live killers,Don't Stop Me Now,14,"I wanna make a supersonic man outta you (Hey, hey)",36
Live killers,Don't Stop Me Now,14,(Don't stop me now) I'm having such a good time,37
Live killers,Don't Stop Me Now,14,I'm having a ball (Don't stop me now),38
Live killers,Don't Stop Me Now,14,If you wanna have a good time Just give me a call,39
Live killers,Don't Stop Me Now,14,"(Ooh, alright) (Don't stop me now)",40
Live killers,Don't Stop Me Now,14,"Cause I'm having a good time (Hey, hey)",41
Live killers,Don't Stop Me Now,14,"(Don't stop me now) Yes, I'm having a good time",42
Live killers,Don't Stop Me Now,14,I don't wanna stop at all,43
Hot space,Under Pressure,11,Pressure pushing down on me,1
Hot space,Under Pressure,11,"Pressing down on you, no man ask for",2
Hot space,Under Pressure,11,Under pressure that burns a building down,3
Hot space,Under Pressure,11,Splits a family in two puts people on streets,4
Hot space,Under Pressure,11,It's the terror of knowing what this world is about,5
Hot space,Under Pressure,11,"Watching some good friends screaming, ""Let me out!""",6
Hot space,Under Pressure,11,Pray tomorrow gets me higher,7
Hot space,Under Pressure,11,"Pressure on people, people on streets",8
Hot space,Under Pressure,11,"Chipping around, kick my brains around the floor around the floor",9
Hot space,Under Pressure,11,These are the days it never rains but it pours,10
Hot space,Under Pressure,11,People on streets Ee da de da de,11
Hot space,Under Pressure,11,It's the terror of knowing what this world is about,12
Hot space,Under Pressure,11,"Watching some good friends screaming, 'Let me out'",13
Hot space,Under Pressure,11,"Pray tomorrow gets me higher, high",14
Hot space,Under Pressure,11,"Pressure on people, people on streets",15
Hot space,Under Pressure,11,Turned away from it all like a blind man,16
Hot space,Under Pressure,11,Sat on a fence but it don't work,17
Hot space,Under Pressure,11,Keep coming up with love but it's so slashed and torn,18
Hot space,Under Pressure,11,"Why, why, why? Love, love, love, love, love",19
Hot space,Under Pressure,11,Insanity laughs under pressure we're breaking,20
Hot space,Under Pressure,11,Can't we give ourselves one more chance?,21
Hot space,Under Pressure,11,Why can't we give love that one more chance?,22
Hot space,Under Pressure,11,"Why can't we give love, give love",23
Hot space,Under Pressure,11,"give love, give love give love, give",24
Hot space,Under Pressure,11,Because love's such an old-fashioned word,25
Hot space,Under Pressure,11,And love dares you to care for,26
Hot space,Under Pressure,11,The people on the (People on streets) edge of the night,27
Hot space,Under Pressure,11,And love dares you to change our way of caring about ourselves,28
Hot space,Under Pressure,11,This is our last dance This is our last dance,29
Hot space,Under Pressure,11,This is ourselves under pressure,30
Hot space,Under Pressure,11,Under pressure under pressure,31
A night at the opera,Love Of My Life,9,"Love of my life, you've hurt me",1
A night at the opera,Love Of My Life,9,You've broken my heart and now you leave me,2
A night at the opera,Love Of My Life,9,"Love of my life, can't you see?",3
A night at the opera,Love Of My Life,9,"Bring it back, bring it back",4
A night at the opera,Love Of My Life,9,Don't take it away from me,5
A night at the opera,Love Of My Life,9,Because you don't know what it means to me,6
A night at the opera,Love Of My Life,9,"Love of my life, don't leave me",7
A night at the opera,Love Of My Life,9,You've taken my love (all my love) and now desert me,8
A night at the opera,Love Of My Life,9,"Love of my life, can't you see?",9
A night at the opera,Love Of My Life,9,"(Please bring it back, back) Bring it back, bring it back",10
A night at the opera,Love Of My Life,9,Don't take it away from me,11
A night at the opera,Love Of My Life,9,Because you don't know what it means to me,12
A night at the opera,Love Of My Life,9,You will remember when this is blown over,13
A night at the opera,Love Of My Life,9,And everything's all by the way,14
A night at the opera,Love Of My Life,9,When I grow older I will be there at your side,15
A night at the opera,Love Of My Life,9,To remind you how I still love you (I still love you),16
A night at the opera,Love Of My Life,9,"Back, hurry back Please bring it back home to me",17
A night at the opera,Love Of My Life,9,Because you don't know what it means to me,18
A night at the opera,Love Of My Life,9,"Love of my life Love of my life Ooh, ooh",19
Sheer heart attack,Killer Queen,2,She keeps Moët et Chandon in her pretty cabinet,1
Sheer heart attack,Killer Queen,2,"""Let them eat cake,"" she says",2
Sheer heart attack,Killer Queen,2,Just like Marie Antoinette,3
Sheer heart attack,Killer Queen,2,"A built-in remedy for Khrushchev and Kennedy (Ooh, ooh)",4
Sheer heart attack,Killer Queen,2,"At anytime an invitation you can't decline (Ooh, ooh)",5
Sheer heart attack,Killer Queen,2,Caviar and cigarettes,6
Sheer heart attack,Killer Queen,2,Well versed in etiquette Extraordinarily nice,7
Sheer heart attack,Killer Queen,2,"She's a Killer Queen Gunpowder, gelatine",8
Sheer heart attack,Killer Queen,2,Dynamite with a laser beam,9
Sheer heart attack,Killer Queen,2,Guaranteed to blow your mind,10
Sheer heart attack,Killer Queen,2,Recommended at the price Insatiable an appetite,11
Sheer heart attack,Killer Queen,2,Wanna try?,12
Sheer heart attack,Killer Queen,2,To avoid complications she never kept the same address,13
Sheer heart attack,Killer Queen,2,In conversation she spoke just like a baroness,14
Sheer heart attack,Killer Queen,2,Met a man from China,15
Sheer heart attack,Killer Queen,2,"Went down to Geisha Minah (Ooh, ooh)",16
Sheer heart attack,Killer Queen,2,"(Killer, killer, she's a killer Queen)",17
Sheer heart attack,Killer Queen,2,Then again incidentally If you're that way inclined,18
Sheer heart attack,Killer Queen,2,Perfume came naturally from Paris (Naturally),19
Sheer heart attack,Killer Queen,2,"For cars, she couldn't care less",20
Sheer heart attack,Killer Queen,2,Fastidious and precise,21
Sheer heart attack,Killer Queen,2,She's a Killer Queen,22
Sheer heart attack,Killer Queen,2,"Gunpowder, gelatin dynamite with a laser beam",23
Sheer heart attack,Killer Queen,2,Guaranteed to blow your mind,24
Sheer heart attack,Killer Queen,2,(Pa-pa-pa-pa) anytime,25
Sheer heart attack,Killer Queen,2,Drop of a hat she's as willing as,26
Sheer heart attack,Killer Queen,2,Playful as a pussy cat (Ooh),27
Sheer heart attack,Killer Queen,2,Then momentarily out of action (Ooh),28
Sheer heart attack,Killer Queen,2,Temporarily out of gas (Ta-taaa),29
Sheer heart attack,Killer Queen,2,"To absolutely drive you wild, wild",30
Sheer heart attack,Killer Queen,2,She's out to get you,31
Sheer heart attack,Killer Queen,2,She's a Killer Queen,32
Sheer heart attack,Killer Queen,2,"Gunpowder, gelatine dynamite with a laser beam (Pa-pa-pa-ra)",33
Sheer heart attack,Killer Queen,2,Guaranteed to blow your mind,34
Sheer heart attack,Killer Queen,2,Anytime Ooh,35
Sheer heart attack,Killer Queen,2,Recommended at the price,36
Sheer heart attack,Killer Queen,2,Insatiable an appetite,37
Sheer heart attack,Killer Queen,2,Wanna try? You wanna try,38
The game,Another One Bites The Dust,3,Steve walks warily down the street,1
The game,Another One Bites The Dust,3,with the brim pulled way down low,2
The game,Another One Bites The Dust,3,Ain't no sound but the sound of his feet,3
The game,Another One Bites The Dust,3,Machine guns ready to go,4
The game,Another One Bites The Dust,3,Are you ready?,5
The game,Another One Bites The Dust,3,"Hey, are you ready for this?",6
The game,Another One Bites The Dust,3,Are you hanging on the edge of your seat?,7
The game,Another One Bites The Dust,3,Out of the doorway the bullets rip,8
The game,Another One Bites The Dust,3,"To the sound of the beat, yeah",9
The game,Another One Bites The Dust,3,Another one bites the dust,10
The game,Another One Bites The Dust,3,Another one bites the dust,11
The game,Another One Bites The Dust,3,"And another one gone, and another one gone",12
The game,Another One Bites The Dust,3,"Another one bites the dust, yeah",13
The game,Another One Bites The Dust,3,"Hey, I'm gonna get you too",14
The game,Another One Bites The Dust,3,Another one bites the dust,15
The game,Another One Bites The Dust,3,How do you think I'm going to get along,16
The game,Another One Bites The Dust,3,"Without you, when you're gone",17
The game,Another One Bites The Dust,3,You took me for everything that I had,18
The game,Another One Bites The Dust,3,And kicked me out on my own,19
The game,Another One Bites The Dust,3,"Are you happy, are you satisfied?",20
The game,Another One Bites The Dust,3,How long can you stand the heat?,21
The game,Another One Bites The Dust,3,Out of the doorway the bullets rip,22
The game,Another One Bites The Dust,3,To the sound of the beat Look out,23
The game,Another One Bites The Dust,3,Another one bites the dust,24
The game,Another One Bites The Dust,3,Another one bites the dust,25
The game,Another One Bites The Dust,3,"And another one gone, and another one gone",26
The game,Another One Bites The Dust,3,Another one bites the dust,27
The game,Another One Bites The Dust,3,"Hey, I'm gonna get you, too",28
The game,Another One Bites The Dust,3,Another one bites the dust,29
The game,Another One Bites The Dust,3,"Hey Oh, take it Bite the dust, hey",30
The game,Another One Bites The Dust,3,Another one bites the dust,31
The game,Another One Bites The Dust,3,"Another one bites the dust, ow",32
The game,Another One Bites The Dust,3,"Another one bites the dust, hey hey",33
The game,Another One Bites The Dust,3,"Another one bites the dust, hey-eh-eh Ooh",34
The game,Another One Bites The Dust,3,There are plenty of ways you can hurt a man,35
The game,Another One Bites The Dust,3,And bring him to the ground,36
The game,Another One Bites The Dust,3,"You can beat him,",37
The game,Another One Bites The Dust,3,"you can cheat him, you can treat him bad",38
The game,Another One Bites The Dust,3,"And leave him when he's down, yeah",39
The game,Another One Bites The Dust,3,"But I'm ready, yes I'm ready for you",40
The game,Another One Bites The Dust,3,I'm standing on my own two feet,41
The game,Another One Bites The Dust,3,Out of the doorway the bullets rip,42
The game,Another One Bites The Dust,3,Repeating the sound of the beat Oh yeah,43
The game,Another One Bites The Dust,3,Another one bites the dust,44
The game,Another One Bites The Dust,3,Another one bites the dust,45
The game,Another One Bites The Dust,3,"And another one gone, and another one gone",46
The game,Another One Bites The Dust,3,"Another one bites the dust, yeah",47
The game,Another One Bites The Dust,3,"Hey, I'm gonna get you, too",48
The game,Another One Bites The Dust,3,Another one bites the dust,49
The game,Another One Bites The Dust,3,Shoot out Ay-yeah Alright,50
News of the world,We Will Rock You,1,"Buddy, you're a boy, make a big noise",1
News of the world,We Will Rock You,1,Playing in the street,2
News of the world,We Will Rock You,1,Gonna be a big man someday,3
News of the world,We Will Rock You,1,You got mud on your face,4
News of the world,We Will Rock You,1,You big disgrace,5
News of the world,We Will Rock You,1,Kicking your can,6
News of the world,We Will Rock You,1,"All over the place, singing",7
News of the world,We Will Rock You,1,"We will, we will rock you",8
News of the world,We Will Rock You,1,"We will, we will rock you",9
News of the world,We Will Rock You,1,"Buddy, you're a young man, hard man",10
News of the world,We Will Rock You,1,Shouting in the street,11
News of the world,We Will Rock You,1,Gonna take on the world someday,12
News of the world,We Will Rock You,1,You got blood on your face,13
News of the world,We Will Rock You,1,You big disgrace,14
News of the world,We Will Rock You,1,Waving your banner all over the place,15
News of the world,We Will Rock You,1,"We will, we will rock you (Sing it out)",16
News of the world,We Will Rock You,1,"We will, we will rock you",17
News of the world,We Will Rock You,1,"Buddy, you're an old man, poor man",18
News of the world,We Will Rock You,1,Pleading with your eyes,19
News of the world,We Will Rock You,1,Gonna make you some peace someday,20
News of the world,We Will Rock You,1,You got mud on your face,21
News of the world,We Will Rock You,1,Big disgrace,22
News of the world,We Will Rock You,1,Somebody better put you back into your place,23
News of the world,We Will Rock You,1,"We will, we will rock you, sing it",24
News of the world,We Will Rock You,1,"We will, we will rock you,",25
News of the world,We Will Rock You,1,"everybody We will, we will rock you, hmm",26
News of the world,We Will Rock You,1,"We will, we will rock you, alright",27
The works,Radio Ga Ga,1,I'd sit alone and watch your light,1
The works,Radio Ga Ga,1,My only friend through teenage nights,2
The works,Radio Ga Ga,1,And everything I had to know,3
The works,Radio Ga Ga,1,I heard it on my radio,4
The works,Radio Ga Ga,1,You gave them all those old time stars,5
The works,Radio Ga Ga,1,Through wars of worlds invaded by Mars,6
The works,Radio Ga Ga,1,"You made 'em laugh, you made 'em cry",7
The works,Radio Ga Ga,1,You made us feel like we could fly (Radio),8
The works,Radio Ga Ga,1,So don't become some background noise,9
The works,Radio Ga Ga,1,A backdrop for the girls and boys,10
The works,Radio Ga Ga,1,Who just don't know or just don't care,11
The works,Radio Ga Ga,1,And just complain when you're not there,12
The works,Radio Ga Ga,1,"You had your time, you had the power",13
The works,Radio Ga Ga,1,You've yet to have your finest hour Radio (Radio),14
The works,Radio Ga Ga,1,All we hear is radio ga ga,15
The works,Radio Ga Ga,1,"Radio goo goo, radio ga ga",16
The works,Radio Ga Ga,1,All we hear is radio ga ga,17
The works,Radio Ga Ga,1,Radio blah blah,18
The works,Radio Ga Ga,1,"Radio, what's new?",19
The works,Radio Ga Ga,1,"Radio, someone still loves you",20
The works,Radio Ga Ga,1,"We watch the shows, we watch the stars",21
The works,Radio Ga Ga,1,On videos for hours and hours,22
The works,Radio Ga Ga,1,We hardly need to use our ears,23
The works,Radio Ga Ga,1,How music changes through the years,24
The works,Radio Ga Ga,1,"Let's hope you never leave, old friend",25
The works,Radio Ga Ga,1,"Like all good things, on you we depend",26
The works,Radio Ga Ga,1,So stick around 'cause we might miss you,27
The works,Radio Ga Ga,1,When we grow tired of all this visual,28
The works,Radio Ga Ga,1,"You had your time, you had the power",29
The works,Radio Ga Ga,1,You've yet to have your finest hour,30
The works,Radio Ga Ga,1,Radio (Radio),31
The works,Radio Ga Ga,1,All we hear is radio ga ga,32
The works,Radio Ga Ga,1,"Radio goo goo, radio ga ga",33
The works,Radio Ga Ga,1,All we hear is radio ga ga,34
The works,Radio Ga Ga,1,"Radio goo goo, radio ga ga",35
The works,Radio Ga Ga,1,All we hear is radio ga ga,36
The works,Radio Ga Ga,1,Radio blah blah,37
The works,Radio Ga Ga,1,"Radio, what's new?",38
The works,Radio Ga Ga,1,Someone still loves you,39
The works,Radio Ga Ga,1,"(Radio ga ga, radio ga ga)",40
The works,Radio Ga Ga,1,"(Radio ga ga, radio ga ga)",41
News of the world,We Are the Champions,2,I've paid my dues time after time,1
News of the world,We Are the Champions,2,I've done my sentence,2
News of the world,We Are the Champions,2,But committed no crime,3
News of the world,We Are the Champions,2,And bad mistakes,4
News of the world,We Are the Champions,2,I've made a few,5
News of the world,We Are the Champions,2,I've had my share of sand kicked in my face,6
News of the world,We Are the Champions,2,But I've come through,7
News of the world,We Are the Champions,2,"(And I need to go on and on, and on, and on)",8
News of the world,We Are the Champions,2,"We are the champions, my friends",9
News of the world,We Are the Champions,2,And we'll keep on fighting 'til the end,10
News of the world,We Are the Champions,2,We are the champions,11
News of the world,We Are the Champions,2,We are the champions,12
News of the world,We Are the Champions,2,No time for losers,13
News of the world,We Are the Champions,2,Cause we are the champions,14
News of the world,We Are the Champions,2,Of the world,15
News of the world,We Are the Champions,2,I've taken my bows,16
News of the world,We Are the Champions,2,And my curtain calls,17
News of the world,We Are the Champions,2,You brought me fame and fortune and everything that goes with it,18
News of the world,We Are the Champions,2,I thank you all,19
News of the world,We Are the Champions,2,But it's been no bed of roses,20
News of the world,We Are the Champions,2,No pleasure cruise,21
News of the world,We Are the Champions,2,I consider it a challenge before the whole human race,22
News of the world,We Are the Champions,2,And I ain't gonna lose,23
News of the world,We Are the Champions,2,"(And I need to go on and on, and on, and on)",24
News of the world,We Are the Champions,2,"We are the champions, my friends",25
News of the world,We Are the Champions,2,And we'll keep on fighting 'til the end,26
News of the world,We Are the Champions,2,We are the champions,27
News of the world,We Are the Champions,2,We are the champions,28
News of the world,We Are the Champions,2,No time for losers,29
News of the world,We Are the Champions,2,Cause we are the champions,30
News of the world,We Are the Champions,2,Of the world,31
News of the world,We Are the Champions,2,"We are the champions, my friends",32
News of the world,We Are the Champions,2,"And we'll keep on fighting 'til the end, oh",33
News of the world,We Are the Champions,2,We are the champions,34
News of the world,We Are the Champions,2,We are the champions,35
News of the world,We Are the Champions,2,No time for losers,36
News of the world,We Are the Champions,2,Cause we are the champions,37
A day at the races,Somebody To Love,6,Can anybody find me somebody to love?,1
A day at the races,Somebody To Love,6,"Ooh, each morning I get up I die a little",2
A day at the races,Somebody To Love,6,Can barely stand on my feet,3
A day at the races,Somebody To Love,6,(Take a look at yourself in the mirror and cry),4
A day at the races,Somebody To Love,6,Take a look in the mirror and cry,5
A day at the races,Somebody To Love,6,"Lord, what you're doin' to me (Yeah, yeah)",6
A day at the races,Somebody To Love,6,I have spent all my years in believin' you,7
A day at the races,Somebody To Love,6,"But I just can't get no relief, Lord",8
A day at the races,Somebody To Love,6,Somebody (Somebody),9
A day at the races,Somebody To Love,6,"Ooh, somebody (Somebody)",10
A day at the races,Somebody To Love,6,Can anybody find me,11
A day at the races,Somebody To Love,6,Somebody to love? Yeah,12
A day at the races,Somebody To Love,6,I work hard (He works hard) every day of my life,13
A day at the races,Somebody To Love,6,I work 'til I ache my bones,14
A day at the races,Somebody To Love,6,At the end (At the end of the day) I take home,15
A day at the races,Somebody To Love,6,My hard-earned pay all on my own,16
A day at the races,Somebody To Love,6,"(Goes home, goes home on his own)",17
A day at the races,Somebody To Love,6,I get down (Down) on my knees,18
A day at the races,Somebody To Love,6,(Knees) and I start to pray (Praise the Lord),19
A day at the races,Somebody To Love,6,"Til the tears run down from my eyes, Lord",20
A day at the races,Somebody To Love,6,Somebody (Somebody),21
A day at the races,Somebody To Love,6,"Ooh, somebody (Please)",22
A day at the races,Somebody To Love,6,Can anybody find me,23
A day at the races,Somebody To Love,6,Somebody to love? Oh,24
A day at the races,Somebody To Love,6,(He works hard) everyday,25
A day at the races,Somebody To Love,6,(Everyday) I try and I try and I try,26
A day at the races,Somebody To Love,6,But everybody wants to put me down,27
A day at the races,Somebody To Love,6,They say I'm goin' crazy,28
A day at the races,Somebody To Love,6,They say I got a lot of water in my brain,29
A day at the races,Somebody To Love,6,I got no common sense,30
A day at the races,Somebody To Love,6,(He's got) I got nobody left to believe,31
A day at the races,Somebody To Love,6,"No, no, no, no",32
A day at the races,Somebody To Love,6,"(Ooh, ooh, ooh, Lord)",33
A day at the races,Somebody To Love,6,Ooh somebody,34
A day at the races,Somebody To Love,6,Ooh (Somebody),35
A day at the races,Somebody To Love,6,Anybody find me,36
A day at the races,Somebody To Love,6,Somebody to love,37
A day at the races,Somebody To Love,6,(Can anybody find me,38
A day at the races,Somebody To Love,6,Someone to love?),39
A day at the races,Somebody To Love,6,"Got no feel, I got no rhythm",40
A day at the races,Somebody To Love,6,I just keep losin' my beat (You just keep losing and losing),41
A day at the races,Somebody To Love,6,"I'm okay, I'm alright (He's alright, he's alright)",42
A day at the races,Somebody To Love,6,"I ain't gonna face no defeat (Yeah, yeah)",43
A day at the races,Somebody To Love,6,I just gotta get out of this prison cell,44
A day at the races,Somebody To Love,6,"(One day) Someday I'm gonna be free, Lord",45
A day at the races,Somebody To Love,6,Find me somebody to love,46
A day at the races,Somebody To Love,6,Find me somebody to love,47
A day at the races,Somebody To Love,6,Find me somebody to love,48
A day at the races,Somebody To Love,6,Find me somebody to love,49
A day at the races,Somebody To Love,6,Find me somebody to love (Find me),50
A day at the races,Somebody To Love,6,"Find me somebody to love-ove-ove (Ooh, find me, find me)",51
A day at the races,Somebody To Love,6,Find me somebody to love,52
A day at the races,Somebody To Love,6,(Somebody to love),53
A day at the races,Somebody To Love,6,Find me somebody to love,54
A day at the races,Somebody To Love,6,Somebody (Somebody),55
A day at the races,Somebody To Love,6,Somebody (Somebody),56
A day at the races,Somebody To Love,6,Somebody (Find me),57
A day at the races,Somebody To Love,6,(Somebody find me somebody to love),58
A day at the races,Somebody To Love,6,Can anybody find me,59
A day at the races,Somebody To Love,6,Somebody to love?,60
A day at the races,Somebody To Love,6,(Find me somebody to love),61
A day at the races,Somebody To Love,6,Find me somebody,62
A day at the races,Somebody To Love,6,(Find me somebody to love),63
A day at the races,Somebody To Love,6,"Somebody,",64
A day at the races,Somebody To Love,6,"somebody,",65
A day at the races,Somebody To Love,6,"somebody to love
(Find me somebody to love)",66
A day at the races,Somebody To Love,6,"Find me, find me",67
A day at the races,Somebody To Love,6,"Find me, find me,",68
A day at the races,Somebody To Love,6,find me (Find me somebody to love),69
A day at the races,Somebody To Love,6,"Ooh, somebody to love",70
A day at the races,Somebody To Love,6,(Find me somebody to love),71
A day at the races,Somebody To Love,6,"Ooh, find me, find me",72
A day at the races,Somebody To Love,6,Find me somebody to love,73
A day at the races,Somebody To Love,6,(Find me somebody to love),74
A day at the races,Somebody To Love,6,"Anybody, anywhere,",75
A day at the races,Somebody To Love,6,anybody,76
A day at the races,Somebody To Love,6,Find me somebody,77
A day at the races,Somebody To Love,6,"to love, love",78
A day at the races,Somebody To Love,6,"Find me, find me,",79
A day at the races,Somebody To Love,6,"find me, find me",80
The works,I Want To Break Free,6,I want to break free,1
The works,I Want To Break Free,6,I want to break free,2
The works,I Want To Break Free,6,I want to break free,3
The works,I Want To Break Free,6,from your lies,4
The works,I Want To Break Free,6,"You're so self-satisfied, I don't need you",5
The works,I Want To Break Free,6,I've got to break free,6
The works,I Want To Break Free,6,"God knows, God knows I want to break free",7
The works,I Want To Break Free,6,I've fallen in love,8
The works,I Want To Break Free,6,I've fallen in love for the first time,9
The works,I Want To Break Free,6,And this time I know it's for real,10
The works,I Want To Break Free,6,"I've fallen in love, yeah",11
The works,I Want To Break Free,6,"God knows, God knows I've fallen in love",12
The works,I Want To Break Free,6,"It's strange but it's true, yeah",13
The works,I Want To Break Free,6,I can't get over the way you love me like you do,14
The works,I Want To Break Free,6,But I have to be sure,15
The works,I Want To Break Free,6,When I walk out that door,16
The works,I Want To Break Free,6,"Oh, how I want to be free, baby",17
The works,I Want To Break Free,6,"Oh, how I want to be free",18
The works,I Want To Break Free,6,"Oh, how I want to break free",19
The works,I Want To Break Free,6,But life still goes on I can't get used to,20
The works,I Want To Break Free,6,"living without,",21
The works,I Want To Break Free,6,living without,22
The works,I Want To Break Free,6,Living without you by my side,23
The works,I Want To Break Free,6,"I don't want to live alone, hey",24
The works,I Want To Break Free,6,"God knows, got to make it on my own",25
The works,I Want To Break Free,6,"So baby, can't you see?",26
The works,I Want To Break Free,6,I've got to break free,27
The works,I Want To Break Free,6,I've got to break free,28
The works,I Want To Break Free,6,"I want to break free, yeah",29
The works,I Want To Break Free,6,"I want, I want, I want, I want to break free",30
Jazz,Fat Bottomed Girls,2,Are you gonna take me home tonight?,1
Jazz,Fat Bottomed Girls,2,"Oh, down beside that red firelight?",2
Jazz,Fat Bottomed Girls,2,Are you gonna let it all hang out?,3
Jazz,Fat Bottomed Girls,2,Fat bottomed girls,4
Jazz,Fat Bottomed Girls,2,You make the rockin' world go 'round,5
Jazz,Fat Bottomed Girls,2,"Hey, I was just a skinny lad",6
Jazz,Fat Bottomed Girls,2,Never knew no good from bad,7
Jazz,Fat Bottomed Girls,2,But I knew life before,8
Jazz,Fat Bottomed Girls,2,"I left my nursery, huh",9
Jazz,Fat Bottomed Girls,2,Left alone with big fat Fanny,10
Jazz,Fat Bottomed Girls,2,She was such a naughty nanny,11
Jazz,Fat Bottomed Girls,2,"Hey, big woman",12
Jazz,Fat Bottomed Girls,2,You made a bad boy out of me,13
Jazz,Fat Bottomed Girls,2,"Hey, hey, woo!",14
Jazz,Fat Bottomed Girls,2,I've been singing with my band,15
Jazz,Fat Bottomed Girls,2,"Cross the water, cross the land",16
Jazz,Fat Bottomed Girls,2,I've seen every blue eyed,17
Jazz,Fat Bottomed Girls,2,"Floozy on the way, hey",18
Jazz,Fat Bottomed Girls,2,But their beauty and their style,19
Jazz,Fat Bottomed Girls,2,Went kinda smooth after a while,20
Jazz,Fat Bottomed Girls,2,Take me to them dirty ladies every time,21
Jazz,Fat Bottomed Girls,2,Come on,22
Jazz,Fat Bottomed Girls,2,"Oh, won't you take me home tonight",23
Jazz,Fat Bottomed Girls,2,"Oh, down beside your red firelight?",24
Jazz,Fat Bottomed Girls,2,"Oh, and you give it all you got",25
Jazz,Fat Bottomed Girls,2,Fat bottomed girls,26
Jazz,Fat Bottomed Girls,2,You make the rockin' world go 'round,27
Jazz,Fat Bottomed Girls,2,Fat bottomed girls,28
Jazz,Fat Bottomed Girls,2,You make the rockin' world go 'round,29
Jazz,Fat Bottomed Girls,2,"Hey, listen here",30
Jazz,Fat Bottomed Girls,2,I got mortgages on homes,31
Jazz,Fat Bottomed Girls,2,I got stiffness in my bones,32
Jazz,Fat Bottomed Girls,2,Ain't no beauty queens,33
Jazz,Fat Bottomed Girls,2,"In this locality, I tell you",34
Jazz,Fat Bottomed Girls,2,"Oh, but I still get my pleasure",35
Jazz,Fat Bottomed Girls,2,Still got my greatest treasure,36
Jazz,Fat Bottomed Girls,2,"Hey, big woman, you gonna make",37
Jazz,Fat Bottomed Girls,2,"A big man of me, now get this",38
Jazz,Fat Bottomed Girls,2,"(Oh, I know) Are you gonna",39
Jazz,Fat Bottomed Girls,2,Take me home tonight? (Please),40
Jazz,Fat Bottomed Girls,2,"Oh, down beside that red firelight?",41
Jazz,Fat Bottomed Girls,2,Are you gonna let it all hang out?,42
Jazz,Fat Bottomed Girls,2,Fat bottomed girls,43
Jazz,Fat Bottomed Girls,2,You make the rockin' world go 'round,44
Jazz,Fat Bottomed Girls,2,Get on your bikes and ride!,45
Jazz,Fat Bottomed Girls,2,"Ooh, yeah Oh, yeah",46
Jazz,Fat Bottomed Girls,2,Them fat bottomed girls,47
Jazz,Fat Bottomed Girls,2,(Fat bottomed girls),48
Jazz,Fat Bottomed Girls,2,"Yeah, yeah, yeah",49
Jazz,Fat Bottomed Girls,2,"Alright, ride 'em cowboy",50
Jazz,Fat Bottomed Girls,2,(Fat bottomed girls),51
Jazz,Fat Bottomed Girls,2,"Yes, yes!",52
The game,Crazy Little Thing Called Love,5,This thing called love,1
The game,Crazy Little Thing Called Love,5,I just can't handle it,2
The game,Crazy Little Thing Called Love,5,This thing called love,3
The game,Crazy Little Thing Called Love,5,"I must get 'round to it, I ain't ready",4
The game,Crazy Little Thing Called Love,5,Crazy little thing called love,5
The game,Crazy Little Thing Called Love,5,A-this thing (This thing),6
The game,Crazy Little Thing Called Love,5,Called love (Called love),7
The game,Crazy Little Thing Called Love,5,It cries (Like a baby),8
The game,Crazy Little Thing Called Love,5,In a cradle all night,9
The game,Crazy Little Thing Called Love,5,"It swings (Woo, woo)",10
The game,Crazy Little Thing Called Love,5,"It jives (Woo, woo)",11
The game,Crazy Little Thing Called Love,5,It shakes all over,12
The game,Crazy Little Thing Called Love,5,"Woo, I kinda like it",13
The game,Crazy Little Thing Called Love,5,Crazy little thing called love,14
The game,Crazy Little Thing Called Love,5,There goes my baby,15
The game,Crazy Little Thing Called Love,5,She knows how to rock 'n' roll,16
The game,Crazy Little Thing Called Love,5,She drives me crazy,17
The game,Crazy Little Thing Called Love,5,She gives me hot and cold fever,18
The game,Crazy Little Thing Called Love,5,"Then she leaves me in a cool, cool sweat",19
The game,Crazy Little Thing Called Love,5,"I gotta be cool, relax, get hip",20
The game,Crazy Little Thing Called Love,5,And get on my tracks,21
The game,Crazy Little Thing Called Love,5,"Take a back seat, hitch-hike",22
The game,Crazy Little Thing Called Love,5,And take a long ride,23
The game,Crazy Little Thing Called Love,5,On my motorbike until I'm ready,24
The game,Crazy Little Thing Called Love,5,Crazy little thing called love,25
The game,Crazy Little Thing Called Love,5,"Yeah
I gotta be cool, relax, get hip",26
The game,Crazy Little Thing Called Love,5,And get on my tracks,27
The game,Crazy Little Thing Called Love,5,"Take a back seat Hitch-hike (Ah hum, ah hum)",28
The game,Crazy Little Thing Called Love,5,And take a long ride on my motorbike,29
The game,Crazy Little Thing Called Love,5,Until I'm ready (Ready Freddie),30
The game,Crazy Little Thing Called Love,5,Crazy little thing called love,31
The game,Crazy Little Thing Called Love,5,This thing called love,32
The game,Crazy Little Thing Called Love,5,I just can't handle it,33
The game,Crazy Little Thing Called Love,5,This thing called love,34
The game,Crazy Little Thing Called Love,5,I must get 'round to it,35
The game,Crazy Little Thing Called Love,5,I ain't ready (Ooh ooh ooh ooh),36
The game,Crazy Little Thing Called Love,5,Crazy little thing called love,37
The game,Crazy Little Thing Called Love,5,"Crazy little thing called love, yeah, yeah",38
The game,Crazy Little Thing Called Love,5,"Crazy little thing called love, yeah, yeah",39
The game,Crazy Little Thing Called Love,5,"Crazy little thing called love, yeah, yeah",40
The game,Crazy Little Thing Called Love,5,"Crazy little thing called love, yeah, yeah",41
The game,Crazy Little Thing Called Love,5,"Crazy little thing called love, yeah, yeah",42
The game,Crazy Little Thing Called Love,5,"Crazy little thing called love, yeah, yeah",43
The game,Crazy Little Thing Called Love,5,"Crazy little thing called love, yeah, yeah",44
The works,Hammer To Fall,8,Here we stand or here we fall,1
The works,Hammer To Fall,8,History won't care at all,2
The works,Hammer To Fall,8,"Make the bed, light the light, yeah",3
The works,Hammer To Fall,8,"Lady Mercy won't be home tonight, yeah",4
The works,Hammer To Fall,8,(You don't waste no time at all),5
The works,Hammer To Fall,8,Don't hear the bell but you answer the call,6
The works,Hammer To Fall,8,(It comes to you as to us all),7
The works,Hammer To Fall,8,"Yeah, we're just waiting",8
The works,Hammer To Fall,8,"For the hammer to fall, yeah",9
The works,Hammer To Fall,8,"Oh, ev'ry night and ev'ry day",10
The works,Hammer To Fall,8,A little piece of you is falling away,11
The works,Hammer To Fall,8,"But lift your face, the Western Way",12
The works,Hammer To Fall,8,Build your muscles,13
The works,Hammer To Fall,8,"As your body decays, yeah",14
The works,Hammer To Fall,8,(Tow your line and play their game),15
The works,Hammer To Fall,8,"Yeah, let the anesthetic cover it all",16
The works,Hammer To Fall,8,('Til one day they call your name),17
The works,Hammer To Fall,8,"You know it's time for the hammer to fall, yeah",18
The works,Hammer To Fall,8,Rich or poor or famous,19
The works,Hammer To Fall,8,For your truth is all the same,20
The works,Hammer To Fall,8,"Yeah baby (Oh no, oh no)",21
The works,Hammer To Fall,8,"Oh, lock your door but rain is pouring",22
The works,Hammer To Fall,8,Through your window pane (Oh no),23
The works,Hammer To Fall,8,"Baby, baby, now your struggle is all in vain",24
The works,Hammer To Fall,8,For he who grew up tall and proud,25
The works,Hammer To Fall,8,In the shadow of the mushroom cloud,26
The works,Hammer To Fall,8,Convinced our voices can't be heard,27
The works,Hammer To Fall,8,We just wanna scream it louder,28
The works,Hammer To Fall,8,And louder and louder,29
The works,Hammer To Fall,8,(What the hell we fighting for?),30
The works,Hammer To Fall,8,"Oh, just surrender and it won't hurt at all",31
The works,Hammer To Fall,8,(Just got time to say your prayers),32
The works,Hammer To Fall,8,"Ehh, while you're waiting",33
The works,Hammer To Fall,8,"For the hammer to, hammer to fall",34
The works,Hammer To Fall,8,"Hey, it's…",35
The works,Hammer To Fall,8,It's gonna fall,36
The works,Hammer To Fall,8,"Hammer, you know",37
The works,Hammer To Fall,8,"Yeah, hammer to fall",38
The works,Hammer To Fall,8,"Woo! Yeah, yeah",39
The works,Hammer To Fall,8,"Woo, woo!",40
The works,Hammer To Fall,8,"Ha, yeah, waiting",41
The works,Hammer To Fall,8,"For the hammer to fall, now baby",42
The works,Hammer To Fall,8,"Yeah, yeah",43
The works,Hammer To Fall,8,While you're waiting,44
The works,Hammer To Fall,8,"For the hammer to fall, ooh",45
The works,Hammer To Fall,8,Give it to me one more time!,46
